{
  "project_info": {
    "project_number": "1001456432418",
    "project_id": "mobprog-2adb6",
    "storage_bucket": "mobprog-2adb6.appspot.com"
  },
  "client": [
    {
      "client_info": {
        "mobilesdk_app_id": "1:1001456432418:android:6541e9ecfe3349f08ce17b",
        "android_client_info": {
          "package_name": "com.example.t1"
        }
      },
      "oauth_client": [
        {
          "client_id": "1001456432418-rb2hngavpqsgcilt3rkald66le1p9gtp.apps.googleusercontent.com",
          "client_type": 1,
          "android_info": {
            "package_name": "com.example.t1",
            "certificate_hash": "9bc220a5748c482de3dbeef2b6f483f9b407041e"
          }
        },
        {
          "client_id": "1001456432418-rpcupcbio9lb5ho6a92ls5mkv6s38r2t.apps.googleusercontent.com",
          "client_type": 1,
          "android_info": {
            "package_name": "com.example.t1",
            "certificate_hash": "5390d765119ab0e47d56c7f2daf3da1b056bb434"
          }
        },
        {
          "client_id": "1001456432418-c00opv67m4kdsctuiq4eea2nlvea002a.apps.googleusercontent.com",
          "client_type": 3
        }
      ],
      "api_key": [
        {
          "current_key": "AIzaSyDvUV5khheE6JXGBrN_BwNruDQne2ThNIw"
        }
      ],
      "services": {
        "appinvite_service": {
          "other_platform_oauth_client": [
            {
              "client_id": "1001456432418-c00opv67m4kdsctuiq4eea2nlvea002a.apps.googleusercontent.com",
              "client_type": 3
            }
          ]
        }
      }
    }
  ],
  "configuration_version": "1"
}